[
    {
      "id": 1,
      "priority": 1,
      "action": {
        "type": "modifyHeaders",
        "requestHeaders": [
          { "header": "User-Agent", "operation": "set", "value": "Mozilla/5.0 (iPhone; CPU iPhone OS 17_5_1 like Mac OS X) AppleWebKit/605.1.15 (KHTML, like Gecko) Version/17.4.1 Mobile/15E148 Safari/604.1" }
        ]
      },
      "condition": {
        "urlFilter": "*://*/*",
        "resourceTypes": ["sub_frame"]
      }
    },
    {
      "id": 2,
      "priority": 1,
      "action": {
        "type": "modifyHeaders",
        "responseHeaders": [
          { "header": "Access-Control-Allow-Origin", "operation": "remove" },
          { "header": "Content-Security-Policy", "operation": "remove" },
          { "header": "X-Frame-Options", "operation": "remove" }
        ]
      },
      "condition": {
        "urlFilter": "*://*/*",
        "resourceTypes": ["main_frame", "sub_frame"]
      }
    },
    {
    "id": 3,
    "priority": 1,
    "action": {
      "type": "modifyHeaders",
      "responseHeaders": [
        {
          "header": "Authorization",
          "operation": "remove"
        },
        {
          "header": "Token",
          "operation": "remove"
        }
      ]
    },
    "condition": {
      "urlFilter": "*://*/*",
      "resourceTypes": [
        "main_frame",
        "sub_frame"
        ]
      }
    }
  ]
  